Domain,Status,Attractiveness,Demand,Length,Sectors,Created,Expires,Registrar
nanometre.ai,resell,54,72,9,"Engineering,Science,Technology",23/02/2025 09:33,23/02/2027 09:33,Porkbun LLC
Ellery.ai,available,50,72,6,General,,,
Elmo.ai,resell,64,80,4,Entertainment,15/12/2017 23:02,08/06/2027 23:02,Deep Vision Architects
matchsticks.ai,available,38,16,11,General,,,
collectingsociety.ai,available,54,72,18,"Finance,Law,Media",,,
accustomed.ai,available,72,72,10,"Business,Education,Humanities",,,
doubletake.ai,sold,58,80,11,"Arts,Entertainment,Media",01/07/2025 22:48,01/07/2027 22:48,Dynadot Inc
happyholidays.ai,available,48,84,14,General,,,
freevariation.ai,available,54,72,14,General,,,
irishstew.ai,available,70,72,10,"Food and Beverage,Hospitality",,,
sloping.ai,available,66,72,7,Engineering,,,
youthfulriver.ai,available,60,72,14,"Arts,Environment,Media",,,
rampantly.ai,available,50,72,9,"Environment,Media,Politics",,,
sternthruster.ai,available,,8,14,,,,
watergage.ai,available,54,72,10,"Environment,Science,Utilities",,,
sixteenth.ai,available,62,76,9,Mathematics,,,
seizeupon.ai,available,,4,10,,,,
GreekThrace.ai,available,38,72,12,"General,Geography,Humanities",,,
policescanner.ai,available,52,80,14,"Law,Media,Technology",,,
crackberry.ai,available,54,72,10,"Business,Media,Technology",,,
samaritan.ai,resell,64,76,9,"Healthcare,Religion",07/06/2022 16:24,07/06/2026 16:24,Dynadot Inc
Colonsay.ai,available,46,72,8,"General,Geography,Real Estate",,,
DogIslands.ai,available,46,72,11,Travel,,,
Elkanah.ai,available,48,72,7,General,,,
egiftcertificate.ai,available,66,72,18,"General,Retail,Technology",,,
contending.ai,available,58,4,10,General,,,
soapring.ai,available,,4,9,,,,
thoroughgoing.ai,available,52,72,13,"Business,Education,Law",,,
corporatebond.ai,available,38,20,14,Finance,,,
babbitting.ai,available,56,72,10,"Construction,Engineering,Manufacturing",,,
Shiist.ai,available,56,72,6,"Humanities,Politics,Religion",,,
quasirealism.ai,available,,4,13,,,,
livebirth.ai,available,56,72,10,"Education,Healthcare,Medicine",,,
pumpkinpie.ai,resell,,76,11,,14/08/2023 07:15,14/08/2025 07:15,"GoDaddy.com, LLC"
tospare.ai,available,,4,8,,,,
rhythmicunit.ai,available,54,72,13,Education,,,
pantomime.ai,resell,78,84,9,"Arts,Entertainment",13/01/2024 23:01,13/01/2026 23:01,Porkbun LLC
founding.ai,resell,78,80,8,"Business,Education",14/04/2025 04:19,14/04/2027 04:19,"NameCheap, Inc."
tubeway.ai,available,60,76,7,"Construction,Technology,Transportation",,,
sunbed.ai,available,62,80,6,"Health and Fitness,Hospitality",,,
wildlifepark.ai,available,66,72,13,"Environment,Travel",,,
Kingswinford.ai,available,48,72,12,General,,,
beatout.ai,available,52,72,8,Sports,,,
hitparade.ai,available,60,68,10,"Entertainment,Media",,,
hotfudge.ai,available,58,80,9,"Food and Beverage,General",,,
judder.ai,available,80,72,6,"Automotive,Engineering,Technology",,,
inviolacy.ai,available,52,8,9,General,,,
olives.ai,resell,,40,6,,02/04/2024 16:28,02/04/2026 16:28,Dynadot Inc
boxswivel.ai,available,38,72,10,"Engineering,General,Manufacturing",,,
ijazah.ai,available,62,72,6,"Education,Religion",,,
classicalness.ai,available,56,8,13,Arts,,,
Himalayanginseng.ai,available,34,4,17,Environment,,,
trespassoffering.ai,available,58,72,17,"Humanities,Law,Religion",,,
Atzera.ai,available,54,72,6,General,,,
babyeyes.ai,available,58,72,9,General,,,
motorboats.ai,available,46,16,10,Travel,,,
worldclass.ai,resell,62,76,11,"Business,Sports",07/09/2021 18:30,07/09/2025 18:30,Dynadot Inc
artistic.ai,expiring,78,84,8,Entertainment,16/12/2017 01:17,28/07/2025 01:17,Deep Vision Architects
Christmasmarket.ai,available,66,84,16,"Hospitality,Retail,Travel",,,
fixedasset.ai,available,56,72,11,"Business,Finance,Real Estate",,,
emollients.ai,available,40,8,10,"Healthcare,Pharmaceuticals",,,
unformatted.ai,available,50,76,11,"Media,Technology",,,
longweekend.ai,available,70,88,12,"Hospitality,Travel",,,
relying.ai,available,,68,7,,,,
warrantor.ai,available,56,72,9,"Business,Finance,Law",,,
trigonal.ai,available,51,76,8,"Engineering,Mathematics,Science",,,
rotatable.ai,available,50,72,9,"Engineering,Manufacturing,Technology",,,
partook.ai,available,,72,7,,,,
streetskating.ai,available,,8,14,,,,
chivalry.ai,resell,62,84,8,Humanities,16/12/2017 02:02,30/10/2025 02:02,Dynadot Inc
guardagainst.ai,available,56,72,13,General,,,
magnificent.ai,resell,64,76,11,"Entertainment,Media",08/03/2022 17:32,08/03/2026 17:32,Dynadot Inc
middleroad.ai,available,48,76,11,General,,,
actupon.ai,available,66,72,8,General,,,
caffeinefree.ai,available,60,16,13,Food and Beverage,,,
exuberate.ai,available,64,76,9,"Arts,Entertainment,Media",,,
CombeFlorey.ai,available,46,72,12,"General,Geography,Real Estate",,,
pointofcare.ai,resell,,76,13,,18/05/2025 11:47,18/05/2027 11:47,"Spaceship, Inc."
MasterofScience.ai,available,64,72,17,"Education,General,Science",,,
backhoeloader.ai,available,36,12,14,"Agriculture,Construction,Manufacturing",,,
rockclimber.ai,available,70,68,12,"Health and Fitness,Sports",,,
NewRochester.ai,available,,72,13,,,,
femalecondom.ai,available,64,76,13,"Healthcare,Pharmaceuticals,Retail",,,
counseled.ai,available,,8,9,,,,
pads.ai,expiring,,28,4,,07/07/2023 05:47,07/07/2025 05:47,Dynadot Inc
sleepfulness.ai,available,,12,12,,,,
inthenuddy.ai,available,50,72,12,"Arts,Media",,,
tricuspidvalve.ai,available,58,72,15,"Healthcare,Medicine,Pharmaceuticals",,,
gadgetry.ai,resell,64,84,8,"Entertainment,Media,Technology",19/03/2025 09:30,19/03/2027 09:30,Dynadot Inc
wriggly.ai,available,62,80,7,"Arts,Entertainment,Media",,,
centeron.ai,available,70,76,9,"Business,Education,Technology",,,
silliness.ai,available,54,72,9,Media,,,
ambassadoratlarge.ai,available,58,72,19,"Business,General,Politics",,,
akimbo.ai,resell,66,84,6,"Arts,Fashion,Media",06/02/2024 16:10,06/02/2026 16:10,Dynadot Inc
secantline.ai,available,,72,11,,,,
Frenchdressing.ai,available,58,12,15,Food and Beverage,,,
interchanging.ai,available,56,72,13,"Engineering,Technology,Transportation",,,
enginecycle.ai,available,38,28,12,"Automotive,Engineering,General",,,
motility.ai,resell,52,76,8,"Healthcare,Medicine,Science",02/03/2024 09:59,02/03/2026 09:59,Dynadot Inc
feelingly.ai,available,50,72,9,"Arts,Entertainment,Media",,,
novelty.ai,resell,62,84,7,"Entertainment,Media,Retail",16/01/2018 08:02,16/01/2026 08:02,Deep Vision Architects
makemileageoutof.ai,available,64,72,19,General,,,
alkalineearth.ai,available,54,72,14,"Manufacturing,Science,Technology",,,
longheld.ai,available,54,72,8,General,,,
babygrandpiano.ai,available,60,72,16,Arts,,,
soapfoam.ai,available,,4,9,,,,
syllogism.ai,available,58,80,9,"Education,Humanities",,,
interlacing.ai,available,58,72,11,"Media,Technology,Telecommunications",,,
marshmallows.ai,available,44,44,12,Food and Beverage,,,
forumite.ai,available,56,72,8,"Business,Media,Technology",,,
boxvalve.ai,available,38,72,9,"Engineering,General,Manufacturing",,,
fukuoka.ai,resell,52,76,7,"Media,Travel",30/09/2024 14:50,30/09/2026 14:50,"GoDaddy.com, LLC"
ediesel.ai,available,60,72,8,"Automotive,General,Technology",,,
alphanumber.ai,available,40,8,11,General,,,
safeish.ai,available,,72,7,,,,
saleslady.ai,available,56,76,9,Retail,,,
surgicalglove.ai,available,62,72,14,"Healthcare,Pharmaceuticals,Retail",,,
smartmob.ai,available,54,76,9,"Media,Technology,Telecommunications",,,
watchingover.ai,available,,12,13,,,,
airmarshal.ai,available,72,80,11,"Aviation,Transportation",,,
desmodus.ai,available,50,72,8,"Agriculture,Environment,Science",,,
stateside.ai,resell,,88,9,,26/02/2020 18:32,26/02/2026 18:32,"NameCheap, Inc."
shockingpink.ai,available,,72,13,,,,
letterofmotivation.ai,available,61,72,20,"Business,Education,General",,,
midsummermen.ai,available,54,72,13,General,,,
largeandincharge.ai,available,66,4,19,"Business,General,Media",,,
audithouse.ai,available,56,72,11,"Business,Real Estate",,,
sympathise.ai,available,77,72,10,"Healthcare,Humanities,Medicine",,,
EasternBloc.ai,available,50,16,12,"General,Politics",,,
Americanizes.ai,available,32,4,12,"General,Politics",,,
Windsorknot.ai,available,66,72,12,"Business,Fashion,Media",,,
noticeability.ai,available,58,76,13,"Business,Media",,,
sexdrive.ai,available,60,76,9,"Healthcare,Media,Pharmaceuticals",,,
elapsing.ai,available,42,8,8,General,,,
divingbellspider.ai,available,62,72,18,Science,,,
steep.ai,resell,100,84,5,"Food and Beverage,Real Estate,Travel",12/12/2020 07:00,12/12/2026 07:00,"NameCheap, Inc."
Facebookofficial.ai,available,56,12,17,Media,,,
seethrough.ai,resell,,80,11,"Fashion,Media,Retail",03/12/2024 17:14,03/12/2026 17:14,Dynadot Inc
breadandwine.ai,available,70,76,14,"Food and Beverage,General,Hospitality",,,
babish.ai,available,72,76,6,"Entertainment,Fashion,Media",,,
bantering.ai,available,72,72,9,Entertainment,,,
overabundances.ai,available,,8,14,,,,
roundarm.ai,available,52,72,9,"Arts,Media,Sports",,,
promenadedeck.ai,available,62,72,14,"Entertainment,Hospitality,Travel",,,
laughaminute.ai,available,46,72,14,Entertainment,,,
cheirospasm.ai,available,56,8,11,Medicine,,,
wastepipe.ai,available,54,72,10,"Construction,Engineering,Utilities",,,
taxifare.ai,available,52,76,9,"Transportation,Travel",,,
creditnote.ai,available,58,68,11,"Finance,Retail",,,
unspoilt.ai,available,56,72,8,"Environment,Real Estate,Travel",,,
quintette.ai,available,56,72,9,"Arts,Entertainment,Media",,,
inutero.ai,available,44,72,8,"Healthcare,Medicine,Science",,,
foster.ai,resell,66,84,6,"Business,Education,Healthcare",15/12/2017 23:50,28/04/2026 23:50,Dynadot Inc
inregardof.ai,available,38,72,12,"Business,Humanities,Law",,,
Schnoodle.ai,available,62,72,9,"Media,Retail",,,
doublevaccinated.ai,available,54,72,17,"General,Healthcare",,,
conscript.ai,resell,90,76,9,"Law,Military,Politics",05/05/2025 09:40,05/05/2027 09:40,"NameCheap, Inc."
peachpit.ai,available,56,80,9,"Agriculture,Food and Beverage,Science",,,
rainforest.ai,resell,60,80,10,"Environment,Science,Travel",27/01/2018 17:08,27/01/2026 17:08,Deep Vision Architects
catchsomezs.ai,available,66,8,13,General,,,
Chihli.ai,available,52,72,6,"General,Geography",,,
melonballer.ai,available,64,72,12,Food and Beverage,,,
marginagreement.ai,available,42,72,16,Finance,,,
secondgrader.ai,available,64,72,13,"Education,Media",,,
lineofbeauty.ai,available,60,72,14,Arts,,,
perchingduck.ai,available,54,72,13,"Agriculture,Environment",,,
artificialice.ai,available,56,72,14,General,,,
drillsite.ai,available,54,72,10,"Construction,Energy,Engineering",,,
baler.ai,resell,60,76,5,"Agriculture,Construction,Manufacturing",21/11/2023 04:39,21/11/2025 04:39,"NameCheap, Inc."
doggedness.ai,available,60,72,10,"Business,Sports",,,
equatorialtelescope.ai,available,40,4,20,"General,Science,Technology",,,
thereto.ai,available,48,72,7,"Arts,Education,Media",,,
Grayrigg.ai,available,44,72,8,General,,,
lodges.ai,resell,38,36,6,Hospitality,21/01/2024 13:39,21/01/2026 13:39,"NameCheap, Inc."
commonandgarden.ai,available,36,72,17,General,,,
Icelandspar.ai,available,64,8,12,Retail,,,
decipher.ai,resell,87,80,8,"Media,Technology,Telecommunications",15/12/2017 23:48,25/10/2025 04:00,Deep Vision Architects
picoamp.ai,available,58,72,7,"Engineering,Science,Technology",,,
showpiece.ai,resell,68,76,9,"Arts,Entertainment,Retail",06/03/2024 23:36,06/03/2026 23:36,Dynadot Inc
milkmother.ai,available,54,76,11,"Healthcare,Medicine",,,
reticence.ai,available,84,76,9,"Business,Humanities",,,
necessarily.ai,available,58,72,11,"Business,Education,Law",,,
deckbox.ai,available,64,80,8,Retail,,,
onallfours.ai,available,,72,12,,,,
clocked.ai,expiring,62,76,7,"Sports,Technology,Transportation",07/07/2023 03:33,07/07/2025 03:33,"GoDaddy.com, LLC"
socialwasp.ai,available,58,72,11,"Environment,Science",,,
awoken.ai,resell,60,84,6,"Arts,Entertainment,Media",29/05/2025 05:12,29/05/2027 05:12,"NameCheap, Inc."
membered.ai,available,50,76,8,"Arts,Entertainment,Media",,,
impending.ai,resell,70,76,9,"Business,Law,Media",26/05/2023 03:09,26/05/2027 03:09,"NameCheap, Inc."
teaboard.ai,available,64,72,9,"Food and Beverage,Hospitality",,,
PortMelbourne.ai,available,,72,14,,,,
bigbusiness.ai,available,60,76,12,"Business,General",,,
penknife.ai,available,58,80,8,"Military,Retail",,,
antihypertensive.ai,available,72,72,16,"Healthcare,Medicine,Pharmaceuticals",,,
tigerwolf.ai,available,,76,10,,,,
asis.ai,resell,60,48,5,General,25/06/2025 08:41,25/06/2027 08:41,"NameCheap, Inc."
setsightson.ai,available,,68,13,,,,
chestthumping.ai,available,66,72,14,General,,,
rentreview.ai,expiring,56,80,11,"Business,Real Estate",11/07/2023 20:04,11/07/2025 20:04,"GoDaddy.com, LLC"
boardingparty.ai,available,54,76,14,"Entertainment,Media,Military",,,
twopointconversion.ai,available,60,72,20,"Entertainment,Media,Sports",,,
NewDellrose.ai,available,,72,12,,,,
fingerpainting.ai,available,58,76,14,"Arts,Education,Retail",,,
USBpowered.ai,available,,8,11,,,,
prepupal.ai,available,48,72,8,"Agriculture,Environment,Science",,,
lookyou.ai,available,64,76,8,"Business,Entertainment,Media",,,
NewOrleans.ai,available,,80,11,,,,
tipout.ai,resell,82,80,7,"Business,Hospitality,Retail",01/03/2024 14:31,01/03/2026 14:31,"GoDaddy.com, LLC"
outscore.ai,resell,64,72,8,"Entertainment,Media,Sports",28/06/2023 13:43,28/06/2027 13:43,"NameCheap, Inc."
graphite.ai,resell,74,84,8,"Manufacturing,Science,Technology",16/12/2017 04:19,18/05/2027 04:19,Deep Vision Architects
parable.ai,resell,102,80,7,"Arts,Education",18/06/2018 06:44,18/06/2026 06:44,"NameCheap, Inc."
brandishes.ai,available,34,8,10,General,,,
Nordicmodel.ai,available,,8,12,,,,
greenstuff.ai,available,56,76,11,General,,,
benzine.ai,available,62,76,7,"Manufacturing,Pharmaceuticals,Science",,,
alphaglobin.ai,available,52,72,11,"General,Medicine,Pharmaceuticals",,,
waterrepellent.ai,available,74,76,15,"Fashion,Manufacturing,Retail",,,
gamekeeper.ai,available,58,84,10,"Agriculture,Environment",,,
monthlymeeting.ai,available,56,76,15,"Business,Education,Media",,,
indianan.ai,available,70,76,8,"Geography,Media,Politics",,,
airintake.ai,available,56,76,10,"Automotive,Aviation",,,
OldFlemish.ai,available,,72,11,,,,
paunch.ai,available,76,72,6,"Fashion,Health and Fitness,Medicine",,,
zestfully.ai,available,50,76,9,"Humanities,Media",,,
balloonfish.ai,available,56,12,11,"Arts,Entertainment,General",,,
Sorelian.ai,available,50,72,8,Entertainment,,,
streetlamps.ai,available,,20,11,,,,
unadulterated.ai,available,,80,13,,,,
bouncer.ai,resell,60,80,7,"Entertainment,Hospitality",09/01/2019 00:33,09/01/2027 00:33,Deep Vision Architects
inalittlewhile.ai,available,44,68,17,General,,,
arbitrate.ai,resell,70,72,9,"Business,Finance,Law",24/05/2018 23:07,24/05/2026 23:07,Dynadot Inc
babyfever.ai,available,58,76,10,Healthcare,,,
dessertspoons.ai,available,56,8,13,"Food and Beverage,Hospitality,Retail",,,
gravimeter.ai,available,58,72,10,"Engineering,Science,Technology",,,
ChineseEmpire.ai,available,44,76,14,Humanities,,,
intersex.ai,available,92,72,8,"Education,Healthcare,Media",,,
mineralspirits.ai,available,54,76,15,"Manufacturing,Pharmaceuticals,Science",,,
confectionary.ai,available,66,68,13,Food and Beverage,,,
ricepudding.ai,available,,72,12,,,,
Chinggisids.ai,available,38,4,11,"General,Politics",,,
coffeeground.ai,available,62,72,13,"Food and Beverage,Hospitality,Retail",,,
spoon.ai,expiring,84,88,5,"Food and Beverage,Manufacturing,Retail",16/12/2017 05:12,13/07/2025 05:12,EuroDNS S.A.
shiptime.ai,available,,84,8,,,,
Kinning.ai,available,52,76,7,General,,,
Allenbolt.ai,available,58,68,10,"Automotive,Construction,Manufacturing",,,
airproof.ai,available,74,72,9,"Construction,General,Technology",,,
stepper.ai,expiring,64,80,7,"Entertainment,Health and Fitness,Technology",09/07/2023 21:39,09/07/2025 21:39,"NameCheap, Inc."
raggedarray.ai,available,52,72,12,"Engineering,Mathematics,Technology",,,
engagingly.ai,available,52,72,10,"Arts,Entertainment,Media",,,
cucumbers.ai,available,70,32,9,General,,,
holdamirrorto.ai,available,62,72,16,General,,,
intermit.ai,available,58,72,8,"Engineering,Science,Technology",,,
ironsulfate.ai,available,36,72,12,Science,,,
juniorvarsity.ai,available,62,80,14,"Education,Media,Sports",,,
forwardproxy.ai,available,54,72,13,"Business,Technology,Telecommunications",,,
dredscott.ai,available,54,72,10,"Humanities,Law",,,
musicaltheater.ai,available,68,72,15,General,,,
collateralform.ai,available,54,76,15,"Finance,Law",,,
weblogging.ai,available,,16,10,,,,
flapdown.ai,available,56,72,9,"Aviation,Media,Technology",,,
gabbiness.ai,available,54,4,9,General,,,
straightout.ai,available,,72,12,,,,
mockexam.ai,expired,56,76,9,Education,17/04/2023 20:49,17/04/2025 20:49,"NameCheap, Inc."
cryfromtherooftop.ai,available,60,72,20,General,,,
cometopower.ai,available,70,72,13,General,,,
respraying.ai,available,56,72,10,"Automotive,Construction,Manufacturing",,,
cantaloup.ai,available,70,72,9,"Agriculture,Food and Beverage",,,
receptively.ai,available,56,72,11,"Business,Education,Media",,,
survivalkit.ai,expired,60,76,12,"Retail,Sports,Travel",11/04/2023 13:08,11/04/2025 13:08,"NameCheap, Inc."
equivalent.ai,resell,110,84,10,"Mathematics,Science,Technology",11/08/2022 18:04,11/08/2026 18:04,"NameCheap, Inc."
Ghandi.ai,available,40,32,6,General,,,
timebeing.ai,available,,76,10,"Arts,Entertainment,Media",,,
refastened.ai,available,,4,10,,,,
vitamink.ai,available,66,72,9,"Food and Beverage,Healthcare,Pharmaceuticals",,,
quibbled.ai,available,,8,8,,,,
wristwarmer.ai,available,64,72,11,"Fashion,Health and Fitness,Retail",,,
teaches.ai,expired,,36,7,,11/04/2023 18:08,11/04/2025 18:08,"NameCheap, Inc."
babooshka.ai,available,56,76,9,Fashion,,,
supercell.ai,resell,58,88,9,"Environment,Media,Science",16/12/2017 01:19,12/08/2027 01:19,"Spaceship, Inc."
Cubists.ai,available,52,12,7,Arts,,,
totalfootball.ai,available,,72,14,,,,
boxfamily.ai,available,58,76,10,"Education,Entertainment,Media",,,
Westwood.ai,expiring,,84,8,,16/07/2021 13:27,16/07/2025 13:27,InternetX
economyclass.ai,available,70,72,13,"Hospitality,Transportation,Travel",,,
acidifies.ai,available,36,4,9,General,,,
pollensac.ai,available,,72,10,,,,
gianttreefrog.ai,available,60,68,15,"Agriculture,Environment,Science",,,
longerperiod.ai,available,42,4,13,General,,,
midblastula.ai,available,52,4,11,Science,,,
tonsillectomy.ai,available,60,72,13,"Healthcare,Medicine,Pharmaceuticals",,,
rotated.ai,available,65,72,7,"Engineering,Manufacturing,Technology",,,
nipping.ai,available,56,72,7,Fashion,,,
shakemap.ai,available,,72,9,,,,
thankworthy.ai,available,,72,11,,,,
platinumblonde.ai,available,78,72,15,"Entertainment,Fashion,Media",,,
notanymore.ai,available,,12,11,,,,
passthebuck.ai,available,,80,13,,,,
intellectualism.ai,available,56,72,15,Humanities,,,
thighhigh.ai,available,84,76,10,"Fashion,Retail",,,
shaven.ai,available,60,80,6,"Fashion,Healthcare,Retail",,,
eatsomethingup.ai,available,36,72,16,General,,,
Colome.ai,available,50,72,6,"General,Geography,Real Estate",,,
Norwayspruce.ai,available,56,72,13,"Agriculture,Environment,Science",,,
pizzasauce.ai,available,,72,11,,,,
Ataturkism.ai,available,52,72,10,Politics,,,
byahead.ai,available,38,72,9,General,,,
concertmaster.ai,available,48,76,13,"Arts,Entertainment",,,
motorboating.ai,available,64,20,12,Travel,,,
towerblock.ai,available,60,72,11,"Construction,Real Estate",,,
dynamiclinklibrary.ai,available,60,72,20,"Engineering,Technology",,,
reciprocated.ai,available,,16,12,,,,
chrysopeleiine.ai,available,54,72,14,"Education,Environment,Science",,,
goalkick.ai,available,54,76,9,"Entertainment,Media,Sports",,,
Xlinkedgene.ai,available,56,72,13,"Medicine,Pharmaceuticals,Science",,,
parches.ai,available,,20,7,,,,
chickenfillet.ai,available,56,72,14,Food and Beverage,,,
picowatt.ai,available,54,72,8,"Engineering,Science,Technology",,,
century.ai,resell,66,76,7,Education,15/12/2017 23:59,03/11/2026 23:59,Dynadot Inc
minter.ai,resell,52,88,6,Finance,14/01/2021 02:23,14/01/2027 02:23,Porkbun LLC
dipinto.ai,expired,48,72,8,"Business,Education,Science",22/05/2023 06:04,22/05/2025 06:04,"GoDaddy.com, LLC"
australspring.ai,available,52,72,14,"Environment,General,Science",,,
canaries.ai,resell,54,88,8,"Environment,Geography,Travel",01/01/2023 15:14,01/01/2027 15:14,"NameCheap, Inc."
animateness.ai,available,56,8,11,Entertainment,,,
luminously.ai,available,52,76,10,"Arts,Entertainment,Media",,,
urals.ai,available,52,76,5,"Environment,Geography,Mining",,,
LordofChristmas.ai,available,58,4,17,Religion,,,
gravityknife.ai,available,54,72,13,General,,,
curliness.ai,available,56,72,9,"Fashion,Health and Fitness",,,
GirlGuides.ai,available,54,76,11,General,,,
alterableness.ai,available,54,8,13,General,,,
oilpan.ai,available,56,72,7,"Automotive,Engineering,Manufacturing",,,
oddsmaking.ai,available,,8,10,,,,
Jaylene.ai,available,58,76,7,Entertainment,,,
limbicsystem.ai,available,56,76,13,"Healthcare,Medicine,Science",,,
hairdressingsalon.ai,available,60,72,18,"Fashion,Hospitality,Retail",,,
manykinded.ai,available,64,72,11,General,,,
paroles.ai,available,,28,7,,,,
Europeantreefrog.ai,available,38,8,18,"Environment,General,Science",,,
coyness.ai,available,58,72,7,"Entertainment,Media",,,
unbuttoning.ai,available,58,72,11,"Fashion,Media,Retail",,,
jampot.ai,available,57,80,6,"Food and Beverage,Hospitality,Retail",,,
taxhaven.ai,available,54,80,9,Finance,,,
bankreserves.ai,available,44,72,13,"Banking,Finance",,,
delis.ai,available,40,40,5,Food and Beverage,,,
managedcode.ai,available,62,16,12,Technology,,,
expansionists.ai,available,46,12,13,Politics,,,
anal.ai,resell,68,76,4,Medicine,05/01/2021 19:46,05/01/2027 19:46,Zenaida.cate.ai
prospect.ai,resell,59,76,8,"Business,Finance,Real Estate",15/12/2017 22:59,26/02/2026 22:59,Porkbun LLC
transorbital.ai,available,68,80,12,"Medicine,Science,Technology",,,
FarNorth.ai,available,58,84,9,Geography,,,
hisheels.ai,available,46,72,9,General,,,
Asturian.ai,available,78,76,8,Geography,,,
unicycles.ai,available,,16,9,,,,
sugarpaste.ai,available,,76,11,,,,
lockeyes.ai,available,58,72,9,General,,,
subjectarea.ai,available,,4,12,,,,
ChineseRevolution.ai,available,48,72,18,"General,Politics",,,
dispassionate.ai,available,54,76,13,"Business,Law",,,
Gourock.ai,available,48,72,7,General,,,
prototypes.ai,resell,,52,10,,21/12/2020 19:24,21/12/2026 19:24,"Spaceship, Inc."
drainboard.ai,available,54,72,10,"Construction,Engineering,Utilities",,,
vanquish.ai,resell,52,84,8,Sports,25/10/2019 16:46,25/10/2026 16:46,"NameCheap, Inc."
creamery.ai,resell,56,76,8,"Food and Beverage,Hospitality,Retail",27/06/2025 14:44,27/06/2027 14:44,"Spaceship, Inc."
commonyears.ai,available,50,4,12,"Business,General,Humanities",,,
evoting.ai,available,62,36,8,Politics,,,
freedomofinquiry.ai,available,40,8,18,Politics,,,
Chinesevermilion.ai,available,44,72,17,"Arts,Fashion,General",,,
captains.ai,expiring,42,48,8,General,28/07/2023 01:53,28/07/2025 01:53,"GoDaddy.com, LLC"
GothicLolita.ai,available,54,24,13,Fashion,,,
rowdier.ai,available,,8,7,,,,
dailydisposable.ai,available,58,72,16,"Environment,Healthcare,Retail",,,
IcelandicSheepdog.ai,available,64,12,18,Agriculture,,,
pelicancrossing.ai,available,60,72,16,"Engineering,Transportation",,,
cocktailtomato.ai,available,70,76,15,"Food and Beverage,Retail",,,
gridmethod.ai,available,54,72,11,Technology,,,
torsionspring.ai,available,,72,14,,,,
whoosh.ai,resell,108,92,6,"Entertainment,Media,Sports",19/10/2021 09:51,19/10/2025 09:51,101domain GRS Limited
harmonical.ai,available,62,72,10,"Mathematics,Science",,,
commonty.ai,available,54,8,8,General,,,
courageously.ai,available,56,84,12,Media,,,
lake.ai,resell,72,80,4,Geography,16/12/2017 03:56,26/03/2026 03:56,Porkbun LLC
inestimably.ai,available,52,72,11,"Business,Finance,Science",,,
printingframe.ai,available,60,72,14,"Arts,Manufacturing,Media",,,
buffalos.ai,available,40,20,8,General,,,
onionsalt.ai,available,58,72,10,"Food and Beverage,Hospitality,Retail",,,
memorysafe.ai,available,52,84,11,Technology,,,
footballclub.ai,available,62,80,13,"Entertainment,Media,Sports",,,
pigfootedbandicoot.ai,available,64,72,20,"Environment,Media,Science",,,
hereweare.ai,available,54,80,11,"Entertainment,Media,Travel",,,
HollywoodIrish.ai,available,76,72,15,Entertainment,,,
foamhand.ai,available,60,72,9,"Entertainment,Retail,Sports",,,
asmidgeon.ai,available,46,0,10,General,,,
whatnotshop.ai,available,60,72,13,"Hospitality,Retail,Travel",,,
peoplehood.ai,available,,84,10,,,,
Ihaveafever.ai,available,54,8,14,General,,,
CountyofHudson.ai,available,48,4,16,General,,,
Tristen.ai,expiring,66,76,7,General,14/07/2023 18:15,14/07/2025 18:15,"GoDaddy.com, LLC"
anksome.ai,available,58,72,7,"Agriculture,Environment,Science",,,
metros.ai,expired,38,24,6,General,02/05/2023 18:29,02/05/2025 18:29,"NameCheap, Inc."
silverfrost.ai,available,,72,12,,,,
triplebond.ai,available,60,72,11,"Education,Pharmaceuticals,Science",,,
sculls.ai,available,,8,6,,,,
aneroid.ai,available,72,88,7,"Engineering,Science",,,
acidifying.ai,available,36,72,10,General,,,
bluethroat.ai,available,60,72,10,"Environment,Healthcare,Science",,,
roping.ai,available,76,72,6,"Agriculture,Entertainment,Sports",,,
keepthepotboiling.ai,available,60,72,20,General,,,
nightclubber.ai,available,60,72,12,"Entertainment,Hospitality,Travel",,,
getover.ai,available,75,72,8,General,,,
torpedoboat.ai,available,54,72,12,"Media,Military,Transportation",,,
generally.ai,resell,63,80,9,Business,17/08/2022 01:14,17/08/2026 01:14,"GoDaddy.com, LLC"
alldoggedup.ai,available,62,72,13,General,,,
getthegoodson.ai,available,66,72,16,General,,,
mouthwatering.ai,available,62,72,13,"Food and Beverage,Media,Retail",,,
overly.ai,expiring,66,84,6,"Business,Education,Media",05/08/2023 15:39,05/08/2025 15:39,Porkbun LLC
onthat.ai,available,54,72,7,"Business,Media,Technology",,,
voteout.ai,available,,72,8,"Business,Law,Politics",,,
semitone.ai,available,56,84,8,"Arts,Education",,,
shoveit.ai,available,56,80,8,"Entertainment,Media,Sports",,,
handsomely.ai,available,58,72,10,"Arts,Entertainment,Media",,,
cathodes.ai,available,40,12,8,"Engineering,Science,Technology",,,
boxboard.ai,available,38,76,8,"Construction,General,Manufacturing",,,
waterscape.ai,available,78,76,10,"Arts,Environment,Travel",,,
layin.ai,available,58,72,6,"Business,Media,Retail",,,
everywhichway.ai,available,52,76,15,General,,,
Graneros.ai,available,44,72,8,General,,,
soople.ai,expiring,54,72,6,Entertainment,07/07/2023 09:07,07/07/2025 09:07,"GoDaddy.com, LLC"
unquestioned.ai,available,52,72,12,"Business,Education,Law",,,
inkwells.ai,available,44,28,8,General,,,
alert.ai,resell,66,92,5,Technology,16/12/2017 04:54,12/01/2027 04:54,"GoDaddy.com, LLC"
glenn.ai,expiring,52,84,5,"Geography,Humanities",20/07/2023 18:43,20/07/2025 18:43,Porkbun LLC
NewPennington.ai,available,,72,14,,,,
womanofmeans.ai,available,,72,14,,,,
navigability.ai,available,,8,12,,,,
neckline.ai,available,58,72,8,"Arts,Fashion,Retail",,,
commonmeter.ai,available,64,72,12,"General,Mathematics,Science",,,
makeprovisionfor.ai,available,48,4,18,General,,,
trifecta.ai,resell,60,76,8,"Entertainment,Media,Sports",19/01/2019 14:45,19/01/2027 14:45,Deep Vision Architects
Yulecake.ai,available,,72,9,,,,
allmouthandpants.ai,available,48,72,19,General,,,
Juliaca.ai,available,52,72,7,"Business,Geography,Travel",,,
foxily.ai,available,50,72,6,"Arts,Entertainment,Fashion",,,
touristicguide.ai,available,60,72,15,"Hospitality,Media,Travel",,,
comingback.ai,available,46,12,11,General,,,
Jejudog.ai,available,60,72,8,"Entertainment,Media,Retail",,,
hotcockles.ai,available,54,76,10,General,,,
bluevervain.ai,available,56,76,12,General,,,
invertedcomma.ai,available,54,72,14,"Education,Media,Technology",,,
revisions.ai,resell,,36,9,,08/11/2023 12:18,08/11/2025 12:18,Porkbun LLC
simulates.ai,resell,,8,9,,04/12/2023 12:04,04/12/2025 12:04,"NameCheap, Inc."
haveajobto.ai,available,44,72,13,General,,,
GoldfishClub.ai,available,52,72,13,"Arts,General",,,
referenceelectrode.ai,available,54,72,19,"Engineering,Pharmaceuticals,Science",,,
chelative.ai,available,52,4,9,Science,,,
gnostic.ai,expired,60,80,7,"Humanities,Religion",24/04/2019 14:09,24/04/2025 14:09,Porkbun LLC
deepsealead.ai,available,40,72,13,"Environment,General",,,
frigit.ai,available,58,8,7,General,,,
MOTSS.ai,available,54,16,5,General,,,
continuousmap.ai,available,36,72,14,"Education,General,Media",,,
lecturing.ai,expiring,60,76,9,"Education,Media,Technology",20/07/2023 19:50,20/07/2025 19:50,"NameCheap, Inc."
solicited.ai,available,,12,9,,,,
farmstand.ai,available,70,80,10,"Agriculture,Retail",,,
bathers.ai,available,38,20,7,General,,,
neutralize.ai,resell,58,80,10,"Environment,Medicine,Science",23/05/2023 18:41,23/05/2027 18:41,"GoDaddy.com, LLC"
whittledown.ai,available,,76,12,,,,
paperairplane.ai,available,62,88,14,"Arts,Education,Entertainment",,,
slampoem.ai,available,60,72,9,"Arts,Entertainment,Media",,,
goldshrub.ai,available,40,72,10,General,,,
revokable.ai,available,57,72,9,"Business,Finance,Law",,,
managua.ai,available,52,76,7,"Geography,Travel",,,
Stankiewicz.ai,available,48,84,11,General,,,
whoopeedoo.ai,available,53,72,10,,,,
grayishness.ai,available,52,4,11,General,,,
coindispenser.ai,available,56,72,14,"Banking,Retail,Technology",,,
ribband.ai,available,60,72,7,"Arts,Fashion",,,
tidelands.ai,available,,32,9,,,,
piratical.ai,available,55,72,9,"Arts,Entertainment",,,
spacevehicle.ai,available,58,72,13,"Automotive,Technology",,,
hotwall.ai,available,52,76,8,"Construction,Energy,Real Estate",,,
shredder.ai,resell,60,84,8,"Manufacturing,Technology",12/05/2023 07:46,12/05/2027 07:46,Dynadot Inc
perfectionism.ai,available,,32,13,,,,
milking.ai,available,58,76,7,"Agriculture,Food and Beverage",,,
buckteeth.ai,available,36,8,9,General,,,
historyofideas.ai,available,64,72,16,"Education,Humanities,Media",,,
duckburger.ai,available,62,72,10,"Food and Beverage,Retail",,,
castlighton.ai,available,42,72,13,General,,,
doltishness.ai,available,58,4,11,General,,,
longed.ai,available,42,8,6,General,,,
secondarysector.ai,available,54,72,16,"Business,Education",,,
kewpiedoll.ai,available,60,72,11,"Entertainment,Retail",,,
Potawatomis.ai,available,,4,11,,,,
chamfering.ai,available,56,72,10,"Construction,Engineering,Manufacturing",,,
eustachio.ai,available,52,72,9,"Healthcare,Medicine,Science",,,
saddlehorn.ai,available,60,76,11,"Agriculture,Manufacturing",,,
givethetimeofday.ai,available,64,72,20,General,,,
rubboard.ai,available,,72,9,,,,
packagedgoods.ai,available,,12,14,,,,
papermaking.ai,available,,72,11,,,,
slope.ai,resell,110,88,5,"Construction,Engineering,Geography",03/03/2025 16:23,03/03/2027 16:23,"NameCheap, Inc."
loanterm.ai,available,56,72,9,"Banking,Finance,Real Estate",,,
bathplug.ai,available,58,72,8,"Construction,Hospitality,Retail",,,
drapes.ai,resell,76,32,6,"Construction,General,Retail",05/04/2020 13:55,05/04/2026 13:55,Dynadot Inc
secret.ai,resell,112,80,6,"Entertainment,General,Media,Technology",16/12/2017 03:48,12/09/2026 03:48,"NameCheap, Inc."
margin.ai,resell,84,80,6,"Business,Education,Finance",16/12/2017 03:18,17/10/2027 03:18,"NameCheap, Inc."
gulyas.ai,available,66,80,6,"Food and Beverage,Hospitality,Retail",,,
Germaniris.ai,available,48,4,11,"Agriculture,Environment,General",,,
votingcap.ai,available,54,72,10,"Business,Law,Politics",,,
femalealpha.ai,available,68,72,12,"Humanities,Media",,,
StaMaria.ai,available,58,72,10,"General,Religion",,,
DirtyThirties.ai,available,46,72,14,"Arts,Media",,,
bucketloader.ai,available,36,8,13,Construction,,,
pullupshort.ai,available,,72,13,,,,
parading.ai,available,58,68,8,"Entertainment,Media",,,
liveupto.ai,available,64,72,10,"Business,Entertainment,Media",,,
fivedayfever.ai,available,58,72,14,General,,,
coseismal.ai,available,56,72,9,"Engineering,Environment,Science",,,
aromaticginger.ai,available,66,4,15,Food and Beverage,,,
rosetted.ai,available,54,4,8,General,,,
greensnow.ai,available,38,76,10,General,,,
cheeseontoast.ai,available,68,72,15,Food and Beverage,,,
pinkytoe.ai,available,60,76,9,Healthcare,,,
deepandmeaningful.ai,available,62,76,19,"Arts,Entertainment,Media",,,
tightest.ai,available,,16,8,,,,
catchacase.ai,available,66,72,12,General,,,
greenlaver.ai,available,56,72,11,General,,,
holdingaction.ai,available,52,72,14,"Media,Military,Politics",,,
sillystring.ai,available,,72,12,,,,
redbrush.ai,available,,76,9,,,,
netearnings.ai,available,,72,12,,,,
recordingroom.ai,available,,72,14,,,,
stepdaughter.ai,available,58,76,12,"Education,Media",,,
closetprayer.ai,available,42,4,13,Religion,,,
RileyPark.ai,available,,4,10,,,,
adjectivephrase.ai,available,56,72,16,"Education,Humanities,Media",,,
Christmasrose.ai,available,68,72,14,"Food and Beverage,Hospitality,Retail",,,
flaxweed.ai,available,54,8,8,"Agriculture,Environment,General",,,
footwell.ai,available,54,72,8,"Automotive,Manufacturing,Transportation",,,
deepmourning.ai,available,58,72,13,"General,Humanities,Religion",,,
orbiting.ai,resell,,44,8,,26/04/2025 12:50,26/04/2027 12:50,Dynadot Inc
concordantly.ai,available,46,72,12,"Education,Humanities,Media",,,
nerveless.ai,available,54,72,9,"Business,Healthcare,Sports",,,
drugofchoice.ai,available,58,76,14,General,,,
lastingly.ai,available,52,76,9,"Business,Healthcare,Technology",,,
EnglishMidlands.ai,available,52,72,16,General,,,
Stainforth.ai,available,48,76,10,"General,Geography",,,
polytheistic.ai,available,54,72,12,"Humanities,Media,Religion",,,
LLLP.ai,available,62,76,4,"Business,Finance,Law",,,
twist.ai,resell,70,80,5,"Entertainment,Fashion,Food and Beverage",16/12/2017 01:42,16/06/2027 01:42,"NameCheap, Inc."
Irishmen.ai,available,42,8,8,General,,,
lingered.ai,available,40,8,8,General,,,
kneebrace.ai,available,64,84,10,"Healthcare,Medicine,Sports",,,
UMich.ai,resell,60,84,5,"Business,Education,Media",15/06/2023 14:01,15/06/2027 14:01,"GoDaddy.com, LLC"
superbia.ai,available,52,76,8,"Arts,Humanities",,,
Gbuffer.ai,available,54,8,8,"General,Science,Technology",,,
youthfully.ai,available,50,72,10,"Humanities,Media",,,
speculations.ai,available,,12,12,,,,
orthodontist.ai,resell,56,84,12,"Healthcare,Medicine,Science",05/09/2023 16:30,05/09/2027 16:30,"NameCheap, Inc."
Siamesecat.ai,available,70,76,11,Entertainment,,,
Dutchwoodbine.ai,available,54,72,14,General,,,
alphabetization.ai,available,58,72,15,General,,,
electronmicroscope.ai,available,58,72,19,"Medicine,Science,Technology",,,
syndicationagency.ai,available,54,72,18,Media,,,
bangout.ai,available,54,76,8,"Entertainment,Media",,,
detachment.ai,available,58,76,10,"Healthcare,Military",,,
butterflyweed.ai,available,60,8,14,"Agriculture,Environment,General",,,
littlebluestem.ai,available,54,72,15,Science,,,
CountyMeath.ai,available,38,8,12,"General,Geography",,,
doublerainbow.ai,available,72,80,14,"Environment,Travel",,,
fullimmersion.ai,available,60,72,14,"Education,Technology,Travel",,,
missout.ai,available,66,20,8,General,,,
Googleeffect.ai,available,62,4,13,Technology,,,
Novocheboksarsk.ai,available,46,72,15,Geography,,,
generallyspeaking.ai,available,62,80,18,"Business,General,Media",,,
wardensystem.ai,available,52,72,13,"Business,Law",,,
specialschool.ai,available,58,72,14,"Education,Healthcare",,,
dogtags.ai,available,36,40,8,General,,,
holdsway.ai,available,62,72,9,"Business,Media,Politics",,,
frysauce.ai,available,68,76,9,"Food and Beverage,Retail",,,
videoipod.ai,available,60,72,10,"Entertainment,Technology",,,
highanddry.ai,available,50,76,12,General,,,
convertiblepants.ai,available,58,8,17,Fashion,,,
squattoilet.ai,available,52,72,12,"Construction,Healthcare,Travel",,,
textfile.ai,available,56,68,9,"Media,Technology",,,
walkingpole.ai,available,70,72,12,"Health and Fitness,Sports,Travel",,,
pairandshare.ai,available,,84,14,,,,
maewest.ai,available,56,72,8,"Aviation,Entertainment",,,
medically.ai,available,50,80,9,"Healthcare,Medicine,Pharmaceuticals",,,
crossout.ai,available,65,76,9,"Business,Education,Media",,,
lettuce.ai,resell,74,76,7,"Agriculture,Food and Beverage",27/12/2017 13:47,27/12/2025 13:47,"NameCheap, Inc."
comedowns.ai,available,40,8,9,General,,,
barnfind.ai,available,54,80,9,Automotive,,,
stirup.ai,available,,80,7,,,,
rockbarnacle.ai,available,54,72,13,"Environment,Science",,,
fictitiously.ai,available,46,72,12,"Entertainment,Media",,,
deskfast.ai,available,62,72,8,General,,,
outgrowth.ai,resell,56,80,9,"Agriculture,Medicine",20/06/2024 20:42,20/06/2026 20:42,"GoDaddy.com, LLC"
phonebanking.ai,available,,16,13,,,,
GreaterCaucasus.ai,available,52,72,16,Geography,,,
electricalcurrent.ai,available,64,72,18,"Engineering,Science",,,
lendcredenceto.ai,available,44,4,16,General,,,
funny.ai,resell,111,96,5,"Arts,Entertainment,Media",16/12/2017 01:42,21/07/2027 01:42,"NameCheap, Inc."
jujutsu.ai,available,62,76,7,Sports,,,
centralangle.ai,available,52,72,13,"Education,Engineering,Mathematics",,,
LongIsland.ai,resell,58,88,11,"Geography,Travel",18/03/2023 19:11,18/03/2027 19:11,"GoDaddy.com, LLC"
crystallography.ai,available,58,36,15,Science,,,
rockcandy.ai,available,,88,10,,,,
retested.ai,available,,8,8,,,,
poignantly.ai,available,48,72,10,"Arts,Humanities,Media",,,
division.ai,resell,66,100,8,"Business,Military",01/11/2018 01:14,01/11/2026 01:14,miok
petiteness.ai,available,58,72,10,"Fashion,Media,Retail",,,
cotherapist.ai,expiring,62,72,11,"Healthcare,Medicine,Pharmaceuticals",19/07/2023 15:15,19/07/2025 15:15,"GoDaddy.com, LLC"
USS.ai,expired,50,76,3,General,13/04/2019 11:20,13/04/2025 11:20,"NameCheap, Inc."
goldbasket.ai,available,40,72,11,General,,,
fingerprintanalysis.ai,available,58,72,20,General,,,
chinmusic.ai,available,58,76,10,Construction,,,
limas.ai,available,40,40,5,General,,,
chinamen.ai,available,40,12,8,Construction,,,
tilered.ai,available,,72,8,,,,
groupies.ai,available,40,20,8,"Entertainment,General,Media",,,
WickedOne.ai,available,,12,10,,,,
hardhitting.ai,available,58,72,12,"General,Media,Sports",,,
beingas.ai,available,54,72,8,"Education,Humanities,Media",,,
captaincy.ai,available,62,76,9,"Military,Sports",,,
readyhanded.ai,available,56,72,12,"Entertainment,Health and Fitness,Sports",,,
noons.ai,available,,44,5,,,,
centerfielder.ai,available,54,72,14,"Entertainment,Media,Sports",,,
treewright.ai,available,56,72,10,"Arts,Construction,Environment",,,
reassuring.ai,available,80,76,10,"Healthcare,Insurance,Pharmaceuticals",,,
validness.ai,available,58,72,9,"Business,Humanities,Law",,,
littluns.ai,available,40,12,8,General,,,
Frenchcut.ai,available,40,76,10,"Arts,Fashion,Food and Beverage",,,
registerer.ai,available,56,76,10,"Business,Education,Technology",,,
waterfairy.ai,available,,76,11,,,,
prorates.ai,available,,16,8,,,,
whacker.ai,available,58,72,7,"Entertainment,Media,Sports",,,
runningshoe.ai,available,62,72,12,"Health and Fitness,Retail,Sports",,,
eyetoeye.ai,available,58,80,10,"Business,Education,Healthcare",,,
temporary.ai,resell,78,80,9,"Business,Real Estate",09/05/2023 16:57,09/05/2027 16:57,Dynadot Inc
substantiation.ai,available,,8,14,,,,
lineediting.ai,available,36,72,12,Media,,,
IBMcompatible.ai,available,54,8,14,Technology,,,
jetpropellant.ai,available,62,72,14,"Aviation,Energy,Technology",,,
swinging.ai,resell,78,80,8,"Entertainment,Health and Fitness,Sports",22/08/2024 07:42,22/08/2026 07:42,"NameCheap, Inc."
copious.ai,resell,66,72,7,"Education,Media",28/03/2025 22:50,28/03/2027 22:50,"NameCheap, Inc."
revolve.ai,resell,90,88,7,"Business,Engineering,Technology",31/08/2018 14:41,31/08/2026 14:41,"NameCheap, Inc."
watercolours.ai,available,,20,12,,,,
snapcrotch.ai,available,54,72,11,Fashion,,,
KingsLangley.ai,available,46,72,13,Geography,,,
Brasilnut.ai,available,54,72,10,"Agriculture,Food and Beverage",,,
bodyregion.ai,available,36,16,11,General,,,
sambuca.ai,available,62,76,7,"Food and Beverage,Hospitality",,,
nonewsisgoodnews.ai,available,64,76,20,Media,,,
carriagehouse.ai,available,56,80,14,"Hospitality,Real Estate",,,
rakeup.ai,available,,72,7,"Business,Media,Real Estate",,,
correspondents.ai,available,34,12,14,Media,,,
Heathrow.ai,expiring,52,80,8,Transportation,31/07/2023 22:09,31/07/2025 22:09,"GoDaddy.com, LLC"
headgear.ai,available,62,76,8,"Fashion,Retail,Sports",,,
peacesymbol.ai,available,68,72,12,"Arts,Politics",,,
palmsugar.ai,available,,72,10,,,,
LebaneseRepublic.ai,available,52,68,17,General,,,
citywater.ai,available,52,72,10,General,,,
culturevulture.ai,available,60,72,15,"Arts,Entertainment,Media",,,
missabeat.ai,available,66,72,11,General,,,
greatwhiteshark.ai,available,64,76,17,"Environment,Science,Travel",,,
marvelled.ai,available,44,4,9,General,,,
laptopcomputer.ai,available,70,68,15,"Business,Education,Technology",,,
fusspottery.ai,available,64,4,11,General,,,
premiers.ai,resell,,24,8,,27/06/2024 07:50,27/06/2026 07:50,"NameCheap, Inc."
intersect.ai,resell,67,88,9,"Engineering,Mathematics,Technology",30/04/2018 12:50,30/04/2026 12:50,Deep Vision Architects
folate.ai,available,62,72,6,"Food and Beverage,Healthcare,Pharmaceuticals",,,
Godlovesomeone.ai,available,54,72,16,"General,Religion",,,
gaiety.ai,available,70,80,6,"Arts,Entertainment,Media",,,
naturalfiber.ai,available,,68,13,,,,
popsin.ai,available,,4,7,,,,
CheshireCatchess.ai,available,52,72,18,Entertainment,,,
twentyfifth.ai,available,76,72,12,"Education,Humanities",,,
makemoney.ai,resell,84,84,10,"Business,Finance",19/11/2020 04:43,19/11/2025 04:43,"NameCheap, Inc."
doggydog.ai,available,62,24,9,General,,,
springtool.ai,available,,76,11,,,,
dose.ai,resell,90,88,4,"Healthcare,Medicine,Pharmaceuticals",16/12/2017 02:16,01/12/2026 02:16,Dynadot Inc
whitecrab.ai,available,,8,10,,,,
dropsomeonealine.ai,available,74,72,19,"General,Media,Telecommunications",,,
dualmandate.ai,available,52,72,12,"Law,Politics",,,
chisinau.ai,available,48,72,8,"Geography,Travel",,,
unlockability.ai,available,,72,13,,,,
ChineseCrested.ai,available,62,72,15,General,,,
sausagecasing.ai,available,58,72,14,"Food and Beverage,Manufacturing,Retail",,,
lessthansign.ai,available,34,4,14,"General,Mathematics",,,
AberdeenAngus.ai,available,54,68,14,"Agriculture,Food and Beverage",,,
ghosttown.ai,available,56,84,10,"Geography,Travel",,,
abroach.ai,available,82,72,7,Food and Beverage,,,
backslap.ai,available,56,76,8,"Business,Media,Politics",,,
selfidentify.ai,available,58,72,13,"Healthcare,Media,Technology",,,
ironheads.ai,available,36,72,9,General,,,
heighten.ai,resell,72,88,8,Business,26/03/2025 16:26,26/03/2027 16:26,"NameCheap, Inc."
laundryman.ai,available,54,72,10,Humanities,,,
CardiffBay.ai,available,50,12,11,Travel,,,
Gorbio.ai,available,48,72,6,General,,,
sportbike.ai,available,,72,9,"Automotive,Retail,Sports",,,
bedaubs.ai,available,42,4,7,General,,,
crabclaw.ai,available,40,12,9,Food and Beverage,,,
scrubwoman.ai,available,,72,10,,,,
fattened.ai,available,48,72,8,"Healthcare,Medicine,Pharmaceuticals",,,
attempted.ai,available,52,80,9,Law,,,
NationalGuard.ai,available,,36,14,,,,
hulledwheat.ai,available,54,12,12,Agriculture,,,
motherlike.ai,available,60,72,10,Healthcare,,,
wheninRome.ai,available,,72,12,,,,
relies.ai,available,,16,6,,,,
bassinet.ai,available,54,68,8,"Healthcare,Retail",,,
Pullmancar.ai,available,58,72,11,"Automotive,Transportation,Travel",,,
dragsails.ai,available,34,8,10,General,,,
boxstaircase.ai,available,38,72,13,"Construction,General,Real Estate",,,
imbed.ai,expiring,60,76,5,"Business,Media,Technology",06/07/2023 22:34,06/07/2025 22:34,"NameCheap, Inc."
byinches.ai,available,52,72,9,Business,,,
audiologists.ai,available,42,20,12,"Healthcare,Technology",,,
pokefun.ai,available,,72,8,"Arts,Entertainment,Media",,,
reupholster.ai,available,58,72,11,"Construction,Real Estate,Retail",,,
portofcall.ai,available,,76,12,,,,
bulletsandbeans.ai,available,36,8,17,"Food and Beverage,General",,,
JekyllandHyde.ai,available,54,72,15,"Entertainment,Media",,,
giveoff.ai,available,68,72,8,"Environment,Science,Technology",,,
demonstrate.ai,resell,74,76,11,"Business,Education,Media",23/11/2022 00:21,23/11/2026 00:21,"NameCheap, Inc."
accresces.ai,available,34,4,9,General,,,
makars.ai,available,42,8,6,General,,,
picturesquely.ai,available,60,72,13,"Arts,Media,Travel",,,
isomerise.ai,available,61,72,9,"Pharmaceuticals,Science",,,
artyfarty.ai,expiring,70,80,10,"Arts,Entertainment,Media",18/07/2023 15:31,18/07/2025 15:31,"NameCheap, Inc."
birthdaysuit.ai,available,54,76,13,General,,,
floppydrive.ai,available,58,68,12,"Education,Media,Technology",,,
hotandheavy.ai,available,60,72,13,"Entertainment,Fashion,Media",,,
ample.ai,resell,60,88,5,"Fashion,Hospitality,Retail",03/11/2019 00:14,03/11/2025 00:14,"NameCheap, Inc."
internationalwaters.ai,available,66,16,20,Geography,,,
roughride.ai,available,56,72,10,"Media,Sports,Transportation",,,
monistic.ai,available,48,72,8,"Humanities,Religion",,,
striding.ai,available,,4,8,,,,
sequestered.ai,available,52,76,11,"Environment,Law,Politics",,,
needleleaftree.ai,available,40,72,16,"Agriculture,Environment,General",,,
datamanager.ai,resell,72,80,12,"Business,Education,Technology",25/06/2019 09:16,25/06/2027 09:16,"Spaceship, Inc."
MaderaCounty.ai,available,40,8,13,General,,,
agonadal.ai,available,54,72,8,"Healthcare,Medicine",,,
Linzi.ai,available,60,80,5,"Fashion,Retail",,,
Americanlobster.ai,available,70,76,16,"Agriculture,Food and Beverage,Retail",,,
JuliusCaesarcipher.ai,available,54,72,20,"Education,Technology",,,
coupla.ai,available,40,36,6,General,,,
zoologicalpark.ai,available,76,72,15,"Education,Entertainment,Travel",,,
Novruz.ai,available,50,76,6,General,,,
congregational.ai,available,60,72,14,Religion,,,
rushin.ai,available,,28,7,,,,
unbeaten.ai,resell,58,80,8,"Entertainment,Media,Sports",21/10/2023 07:03,21/10/2025 07:03,Porkbun LLC
boxofivories.ai,available,60,72,14,"Entertainment,General,Media",,,
needfull.ai,available,46,72,8,"Business,Media,Retail",,,
Gracchus.ai,available,44,80,8,General,,,
adore.ai,resell,70,88,5,Humanities,08/02/2022 16:14,08/02/2026 16:14,Dynadot Inc
seltzerwater.ai,available,,8,13,,,,
pigtail.ai,available,62,80,7,"Fashion,Retail",,,
electoralregister.ai,available,56,72,18,"Law,Politics",,,
detergence.ai,available,52,72,10,"Manufacturing,Pharmaceuticals,Science",,,
JulyMonarchy.ai,available,48,72,13,"Humanities,Politics",,,
shrinkable.ai,available,54,72,10,"Manufacturing,Retail,Technology",,,
gazed.ai,available,40,12,5,General,,,
getthetimeto.ai,available,46,72,15,General,,,
toweather.ai,available,,8,10,,,,
wreathed.ai,available,,8,8,,,,
homogeniser.ai,available,58,80,11,"Food and Beverage,Manufacturing,Pharmaceuticals",,,
Stabiae.ai,available,52,72,7,"General,Geography",,,
knightofthepen.ai,available,54,72,17,General,,,
inorganicchemist.ai,available,54,72,17,"Pharmaceuticals,Science",,,
paella.ai,resell,66,84,6,"Food and Beverage,Hospitality,Retail",22/11/2023 03:09,22/11/2025 03:09,"NameCheap, Inc."
ironcloth.ai,available,36,72,10,General,,,
allays.ai,available,46,8,6,General,,,
telegraphist.ai,available,58,72,12,"Media,Technology,Telecommunications",,,
tend.ai,resell,76,88,4,"Business,Healthcare",15/12/2017 22:54,21/04/2026 22:54,Dynadot Inc
groundfrost.ai,available,56,72,12,"Agriculture,Environment,Science",,,
dualfrequency.ai,available,50,72,14,Telecommunications,,,
wielded.ai,available,,8,7,,,,
annualring.ai,available,52,72,11,"Education,Environment,Science",,,
cramsession.ai,available,58,72,12,"Education,Humanities,Media",,,
realnumbers.ai,available,,80,12,,,,
rushoff.ai,available,,8,8,,,,
absolutises.ai,available,36,4,11,General,,,
doublewedding.ai,available,60,72,14,"Entertainment,Hospitality",,,
quitean.ai,available,64,72,8,"Business,Education,Media",,,
federalists.ai,available,40,12,11,Politics,,,
vendoragnostic.ai,available,68,72,15,"Business,Retail,Technology",,,
fivehundred.ai,available,58,76,12,General,,,
babyblueeyes.ai,available,66,72,14,Fashion,,,
microtank.ai,available,58,76,9,"Engineering,Science,Technology",,,
ironwedding.ai,available,36,72,12,Hospitality,,,
cheekbyjowl.ai,available,54,72,13,Media,,,
boxingday.ai,available,66,76,10,"Entertainment,Retail,Travel",,,
portraying.ai,available,58,80,10,"Arts,Media",,,
horizontalmarket.ai,available,62,72,17,"Business,Finance,Technology",,,
mobcap.ai,available,60,76,6,Fashion,,,
tothetuneof.ai,available,52,72,14,"Entertainment,Media",,,
minocin.ai,available,56,72,7,Pharmaceuticals,,,
bejewelled.ai,available,56,76,10,"Arts,Fashion,Retail",,,
cyberteacher.ai,available,60,84,12,"Education,Media,Technology",,,
reshoe.ai,available,,76,6,,,,
boxingmatch.ai,available,40,12,12,Sports,,,
firstpastthepost.ai,available,58,72,19,"General,Media,Politics",,,
brandspankingnew.ai,available,64,72,18,General,,,
groundtoground.ai,available,52,72,16,"General,Military,Technology",,,
triumphs.ai,available,,20,8,,,,
truncated.ai,available,52,72,9,"Mathematics,Science,Technology",,,
Cardinals.ai,expired,60,80,9,General,15/04/2023 23:55,15/04/2025 23:55,"NameCheap, Inc."
ByzantineEmpire.ai,available,50,72,16,Humanities,,,
bookvalue.ai,available,60,72,10,"Business,Finance",,,
knightwise.ai,available,58,72,10,General,,,
fax.ai,resell,110,88,3,"Business,Technology,Telecommunications",16/12/2017 02:32,29/12/2028 02:32,Lemonev
girlnextdoor.ai,expired,58,84,14,General,12/05/2023 19:27,12/05/2025 19:27,"NameCheap, Inc."
communicationtheory.ai,available,36,12,20,Education,,,
arollapine.ai,available,60,72,11,"Agriculture,Environment",,,
stealthbomber.ai,available,68,72,14,"Aviation,Military,Technology",,,
truckfarm.ai,available,56,72,10,"Agriculture,Food and Beverage",,,
empathically.ai,available,50,76,12,"Healthcare,Medicine",,,
fittedsheets.ai,available,50,16,13,"General,Retail",,,
cigarlighter.ai,available,58,72,13,"Automotive,Food and Beverage,Retail",,,
givesomeoneaturn.ai,available,44,72,19,General,,,
packinghouse.ai,available,52,72,12,"Agriculture,Food and Beverage,Manufacturing",,,
knockbox.ai,available,54,76,9,"Food and Beverage,Hospitality,Retail",,,
boldness.ai,resell,64,72,8,"Arts,Business,Media",12/11/2021 09:30,12/11/2025 09:30,Deep Vision Architects
boated.ai,available,40,20,6,General,,,
infun.ai,available,,28,6,,,,
chbest.ai,available,52,72,10,Humanities,,,
fleecewool.ai,available,54,72,11,"Fashion,General",,,
godmothers.ai,available,50,16,10,General,,,
moveback.ai,available,70,72,9,"Business,Real Estate,Transportation",,,
gentrify.ai,resell,60,72,8,"Business,Construction,Real Estate",29/06/2023 18:16,29/06/2027 18:16,"NameCheap, Inc."
talking.ai,resell,66,84,7,"Business,Education,Media",16/12/2017 01:07,01/01/2027 01:07,Marcaria International LLC
makeoneselfscarce.ai,available,64,72,19,General,,,
handsell.ai,available,58,72,9,Retail,,,
Chris.ai,resell,58,92,5,General,16/12/2017 00:00,11/04/2028 00:00,Porkbun LLC
laughoutloud.ai,available,60,76,14,Entertainment,,,
smallpotatoes.ai,available,,76,14,,,,
scrabbled.ai,available,,8,9,,,,
Wallachians.ai,available,,4,11,,,,
privatelabel.ai,resell,,48,13,,14/04/2025 19:47,14/04/2027 19:47,"NameCheap, Inc."
profitmargin.ai,available,70,80,13,"Business,Finance,Retail",,,
lookoneself.ai,available,40,72,12,General,,,
attendanceslip.ai,available,36,4,15,"Business,Education",,,
NewFishCreek.ai,available,,72,14,,,,
enlightening.ai,resell,64,40,12,Education,20/01/2023 05:10,20/01/2027 05:10,"NameCheap, Inc."
uncrowded.ai,available,56,72,9,"Hospitality,Real Estate,Travel",,,
MeruPeak.ai,available,40,8,9,"General,Geography,Travel",,,
MOSFET.ai,resell,58,84,6,"Energy,Technology",31/03/2024 21:53,31/03/2026 21:53,"NameCheap, Inc."
mystifying.ai,available,58,76,10,"Entertainment,Media",,,
mythicality.ai,available,64,8,11,"Education,Entertainment,Media",,,
presee.ai,available,,72,7,,,,
undulating.ai,available,72,72,10,"Geography,Science",,,
windstream.ai,expired,58,76,11,"Energy,Environment,Technology",02/05/2023 13:37,02/05/2025 13:37,"GoDaddy.com, LLC"
runpast.ai,available,,72,8,,,,
fruitiness.ai,available,66,4,10,"Food and Beverage,General",,,
CSPAN.ai,available,50,72,6,Media,,,
workaround.ai,resell,,92,10,"Business,Media,Technology",01/05/2019 02:25,01/05/2027 02:25,"Spaceship, Inc."
havetodo.ai,available,52,4,10,General,,,
mosaicgold.ai,available,,72,11,,,,
crablegs.ai,available,66,76,9,"Food and Beverage,Hospitality,Retail",,,
airnavigation.ai,available,70,72,14,"Aviation,Technology,Transportation",,,
WestGippsland.ai,available,,72,14,,,,
rafts.ai,available,70,80,5,"Business,Media,Retail",,,
outward.ai,resell,110,80,7,"Business,Media",19/03/2019 18:23,19/03/2029 18:23,"NameCheap, Inc."
triples.ai,resell,,36,7,,19/08/2024 13:31,19/08/2026 13:31,"GoDaddy.com, LLC"
calendarclock.ai,available,72,72,14,"Business,Retail,Technology",,,
toporder.ai,available,60,72,9,"Business,Media,Sports",,,
Irishly.ai,available,56,72,7,"Humanities,Media,Travel",,,
operahouse.ai,available,72,76,11,"Arts,Entertainment,Travel",,,
springequinox.ai,available,62,72,14,Science,,,
movemountains.ai,available,,28,14,,,,
Scottishwildcat.ai,available,56,72,16,"Environment,Media,Science",,,
halfpenny.ai,available,50,84,9,"Finance,Retail",,,
classicise.ai,available,56,72,10,"Arts,Education,Humanities",,,
imperatively.ai,available,42,72,12,"Business,Law,Politics",,,
reviving.ai,resell,66,76,8,"Entertainment,Healthcare,Pharmaceuticals",24/09/2024 18:02,24/09/2026 18:02,Dynadot Inc
Chineselug.ai,available,34,72,11,"Engineering,General,Transportation",,,
gonapon.ai,available,38,4,9,General,,,
acclimated.ai,available,52,72,10,Media,,,
penmaking.ai,available,,12,9,,,,
harvestman.ai,available,54,72,10,"Agriculture,Environment,Science",,,
HolySepulcher.ai,available,52,72,14,Religion,,,
boxhand.ai,available,38,72,8,"Entertainment,General,Media",,,
biggirlpants.ai,available,62,84,14,Fashion,,,
alludes.ai,available,36,12,7,General,,,
lunarphase.ai,available,60,72,11,"Education,Science",,,
Kithira.ai,available,52,72,7,General,,,
coverpoint.ai,available,58,80,11,"Entertainment,Media,Sports",,,
owen.ai,resell,50,88,4,Humanities,16/12/2017 04:15,29/06/2027 04:15,Deep Vision Architects
toleration.ai,available,62,72,10,Humanities,,,
Conejobuckwheat.ai,available,52,4,16,Environment,,,
bodycavity.ai,available,62,72,11,"Healthcare,Medicine",,,
opticalillusion.ai,available,64,72,16,"Entertainment,Science,Technology",,,
NewAthens.ai,available,,76,10,,,,
latewinter.ai,available,36,72,11,General,,,
degreeC.ai,available,36,72,8,Education,,,
Fountainhall.ai,available,48,72,12,General,,,
quesadillas.ai,available,,28,11,,,,
Iaskyou.ai,available,54,72,9,General,,,
determinably.ai,available,48,72,12,"Business,Science,Technology",,,
vowmaking.ai,available,,8,9,,,,
termofyears.ai,available,,72,13,,,,
borneout.ai,available,36,8,9,General,,,
recreate.ai,resell,70,80,8,"Education,Entertainment,Health and Fitness",01/10/2019 06:55,01/10/2025 06:55,"NameCheap, Inc."
whitetrillium.ai,available,,72,14,,,,
grateful.ai,resell,72,80,8,"Healthcare,Media",22/05/2018 22:55,22/05/2027 22:55,Deep Vision Architects
musicalsaws.ai,available,50,8,12,General,,,
constrict.ai,available,65,68,9,"Engineering,Healthcare,Science",,,
KermadecIslands.ai,available,48,72,16,Geography,,,
wage.ai,resell,88,80,4,"Business,Finance",19/05/2018 05:51,19/05/2026 05:51,"NameCheap, Inc."
leigh.ai,expired,52,84,5,"Arts,Geography",22/04/2023 15:42,22/04/2025 15:42,"GoDaddy.com, LLC"
stepping.ai,resell,,24,8,,30/04/2025 06:09,30/04/2027 06:09,Porkbun LLC
mellifluously.ai,available,50,72,13,Arts,,,
minibond.ai,available,58,72,8,"Banking,Business,Finance",,,
CousinJohn.ai,available,54,72,11,General,,,
wiggleroom.ai,available,,88,11,,,,
circumspectly.ai,available,46,72,13,"Business,Education,Law",,,
nuances.ai,resell,,52,7,,18/04/2024 07:09,18/04/2026 07:09,Dynadot Inc
muffintop.ai,available,56,72,10,"Fashion,Health and Fitness",,,
bakingsoda.ai,available,64,32,11,Food and Beverage,,,
teleplay.ai,available,56,76,8,"Arts,Entertainment,Media",,,
magnifyingglass.ai,available,73,72,16,"Education,Retail,Science",,,
Angelo.ai,resell,45,88,6,General,08/09/2022 00:51,08/09/2026 00:51,Porkbun LLC
pagoda.ai,resell,64,88,6,"Religion,Travel",08/10/2018 08:19,08/10/2026 08:19,Deep Vision Architects
viability.ai,resell,60,80,9,"Business,Science",07/05/2023 02:50,07/05/2027 02:50,Dynadot Inc
firstoff.ai,available,46,72,9,"Business,Media,Technology",,,
wormandwheel.ai,available,,68,14,,,,
regathered.ai,available,,8,10,,,,
tuckaway.ai,available,50,76,9,"Food and Beverage,Hospitality",,,
taillights.ai,available,,28,10,,,,
lowbushblueberry.ai,available,62,72,17,"Agriculture,Environment,Food and Beverage",,,
reproductiveorgan.ai,available,52,72,18,"Healthcare,Medicine,Science",,,
counteradaptive.ai,available,50,4,15,"Healthcare,Pharmaceuticals,Science",,,
facialexpression.ai,available,64,72,17,"Arts,Healthcare,Media",,,
Coolgardie.ai,available,46,72,10,"General,Geography,Real Estate",,,
childcentered.ai,available,56,72,14,"Education,General,Healthcare",,,
rolaids.ai,available,58,76,7,"Healthcare,Pharmaceuticals,Retail",,,
tradeplaces.ai,available,,72,12,,,,
lamblike.ai,available,56,76,8,"Agriculture,Arts,Religion",,,
Gquadruplex.ai,available,36,8,12,"Medicine,Pharmaceuticals,Science",,,
pearlgray.ai,available,,12,10,,,,
badmintoncourt.ai,available,72,72,15,"Health and Fitness,Hospitality,Sports",,,
imf.ai,resell,56,88,3,"Business,Finance,Politics",17/08/2021 10:41,17/08/2027 10:41,"Spaceship, Inc."
thirds.ai,available,,32,6,,,,
headlike.ai,available,50,72,9,General,,,
planetree.ai,available,60,80,10,"Agriculture,Environment,Science",,,
Aunglan.ai,available,54,72,7,Geography,,,
haltertop.ai,available,54,28,10,Fashion,,,
Whitwood.ai,available,50,76,8,General,,,
swingvoter.ai,available,62,76,11,"Law,Media,Politics",,,
setaright.ai,available,,72,10,,,,
pinging.ai,available,70,76,7,"Business,Technology,Telecommunications",,,
sundowner.ai,available,64,88,9,"Health and Fitness,Hospitality,Travel",,,
hotandsoursoup.ai,available,62,72,17,"Food and Beverage,Hospitality,Travel",,,
manengine.ai,available,54,72,10,"Engineering,Manufacturing",,,
dogwheat.ai,available,54,72,9,Environment,,,
juarez.ai,available,48,84,6,"Business,Geography,Travel",,,
stockvehicle.ai,available,58,76,13,"Automotive,Business,Transportation",,,
bulletproofcoffee.ai,available,54,76,18,"Food and Beverage,Health and Fitness,Retail",,,
fullmouthed.ai,available,50,72,12,General,,,
allhallownsummer.ai,available,36,4,18,General,,,
CooterBrown.ai,available,46,72,12,"General,Geography,Real Estate",,,
nourished.ai,resell,58,80,9,"Food and Beverage,Health and Fitness,Medicine",27/05/2025 23:43,27/05/2027 23:43,"NameCheap, Inc."
spareribs.ai,available,68,72,9,"Food and Beverage,Hospitality,Retail",,,
countchickens.ai,available,60,68,14,General,,,
bartonia.ai,available,52,72,8,"Agriculture,Environment,Science",,,
makeknown.ai,available,74,72,10,General,,,
rootplant.ai,available,56,72,10,"Agriculture,Environment,Science",,,
HillCounty.ai,available,54,12,11,General,,,
GreaterAntilles.ai,available,52,72,16,Geography,,,
renters.ai,resell,,44,7,,06/06/2019 00:35,06/06/2027 00:35,"NameCheap, Inc."
hangaRalph.ai,available,58,72,12,General,,,
drawl.ai,available,78,80,5,"Arts,Humanities,Media",,,
basicbalance.ai,available,56,76,13,"Business,Finance",,,
inmotion.ai,resell,,80,9,,25/07/2018 00:03,25/07/2026 00:03,"NameCheap, Inc."
Grahamcrackers.ai,available,44,20,15,"Food and Beverage,Retail",,,
Coomber.ai,available,50,80,7,"General,Geography,Real Estate",,,
languagebarrier.ai,available,56,72,16,"Business,Education,Humanities",,,
givecolorto.ai,available,46,72,13,General,,,
bridles.ai,available,42,20,7,"Arts,General,Humanities",,,
quadruplescull.ai,available,60,72,15,"Health and Fitness,Sports,Travel",,,
perpendicularly.ai,available,48,72,15,"Engineering,Mathematics",,,
everbody.ai,available,58,76,8,"Health and Fitness,Medicine,Sports",,,
prevailupon.ai,available,,4,12,,,,
rehearsing.ai,available,58,72,10,"Arts,Entertainment",,,
altweekly.ai,available,54,72,10,"Arts,Entertainment,Media",,,
creamedcoconut.ai,available,36,4,15,Food and Beverage,,,
missionaccomplished.ai,resell,58,84,20,General,28/11/2024 18:19,28/11/2026 18:19,"GoDaddy.com, LLC"
animalhood.ai,available,54,72,10,General,,,
weatherwoman.ai,available,,72,12,,,,
entwining.ai,available,58,72,9,"Arts,Fashion",,,
fastbreederreactor.ai,available,54,72,20,"Energy,Science",,,
inregardto.ai,available,50,72,12,Humanities,,,
heavens.ai,resell,60,76,7,"Arts,Humanities,Religion",23/02/2020 21:36,23/02/2026 21:36,Dynadot Inc
dishup.ai,available,78,84,7,"Food and Beverage,Hospitality,Retail",,,
Alanis.ai,resell,54,76,6,Entertainment,07/03/2021 08:27,07/03/2027 08:27,"GoDaddy.com, LLC"
smallchops.ai,available,,76,11,,,,
elapsedflyingtime.ai,available,60,4,19,Aviation,,,
ribhus.ai,available,58,76,6,"Humanities,Religion",,,
ironfounder.ai,available,36,76,12,Manufacturing,,,
highpressure.ai,available,58,80,13,"Engineering,General,Technology",,,
harddoughbread.ai,available,62,72,16,Food and Beverage,,,